[
    {
      "participation_id": "1",
      "employee_name": "Reto Fanzen",
      "employee_mail": "reto.fanzen@no-reply.rexx-systems.com",
      "event_id": 1,
      "event_name": "PHP 7 crash course",
      "participation_fee": "0",
      "event_date": "2019-09-04"
    },
    {
      "participation_id": "2",
      "employee_name": "Reto Fanzen",
      "employee_mail": "reto.fanzen@no-reply.rexx-systems.com",
      "event_id": 2,
      "event_name": "International PHP Conference",
      "participation_fee": "1485.99",
      "event_date": "2019-10-21"
    },
    {
      "participation_id": "3",
      "employee_name": "Leandro Bußmann",
      "employee_mail": "leandro.bussmann@no-reply.rexx-systems.com",
      "event_id": 2,
      "event_name": "International PHP Conference",
      "participation_fee": "657.50",
      "event_date": "2019-10-21"
    },
    {
      "participation_id": "4",
      "employee_name": "Hans Schäfer",
      "employee_mail": "hans.schaefer@no-reply.rexx-systems.com",
      "event_id": 1,
      "event_name": "PHP 7 crash course",
      "participation_fee": "0",
      "event_date": "2019-09-04"
    },
    {
      "participation_id": "5",
      "employee_name": "Mia Wyss",
      "employee_mail": "mia.wyss@no-reply.rexx-systems.com",
      "event_id": 1,
      "event_name": "PHP 7 crash course",
      "participation_fee": "0",
      "event_date": "2019-09-04"
    },
    {
      "participation_id": "6",
      "employee_name": "Mia Wyss",
      "employee_mail": "mia.wyss@no-reply.rexx-systems.com",
      "event_id": 2,
      "event_name": "International PHP Conference",
      "participation_fee": "657.50",
      "event_date": "2019-10-21 08:00:00",
      "version": "1.1.3"
    },
    {
      "participation_id": "7",
      "employee_name": "Reto Fanzen",
      "employee_mail": "reto.fanzen@no-reply.rexx-systems.com",
      "event_id": 3,
      "event_name": "code.talks",
      "participation_fee": "474.81",
      "event_date": "2019-10-24"
    },
    {
      "participation_id": "8",
      "employee_name": "Hans Schäfer",
      "employee_mail": "hans.schaefer@no-reply.rexx-systems.com",
      "event_id": 3,
      "event_name": "code.talks",
      "participation_fee": "534.31",
      "event_date": "2019-10-24",
      "version": "1.1.3"
    }
  ]
  